sku,produit,grade,prix_actuel,prix_median_grade,cout,derniere_maj,group_id,variant_id
FLX-00102600600133,Apple iPhone 11 64 GO,A,338,194,163,2026-06-19,9fae5bad-7f12-42cc-ab52-858eec23d013,3d001219-6ca1-4aa9-8239-0fcb18aecc3a
FLX-00102600600035,Apple iPhone 11 64 GO,A,338,194,213,2026-06-19,9fae5bad-7f12-42cc-ab52-858eec23d013,21d1d629-ec0a-4b65-ae5d-ae32d84fcb4f
FLX-00102600501083,Apple iPhone 11 64 GO,B,386,203,322,2026-06-19,9fae5bad-7f12-42cc-ab52-858eec23d013,5df47879-0319-4bd5-a3f4-8889fe31d58f
FLX-00102600500206,Apple iPhone 11 64 GO,B,386,203,322,2026-06-19,9fae5bad-7f12-42cc-ab52-858eec23d013,5aed6945-f5de-49ad-8510-b307334c6108
FLX-00102600501091,Apple iPhone 11 64 GO,B,386,203,322,2026-06-19,9fae5bad-7f12-42cc-ab52-858eec23d013,a905d9ca-c786-4c46-b9bc-d93748d1c3f1
FLX-00102600501384,Apple iPhone 11 64 GO,B,386,203,322,2026-06-19,9fae5bad-7f12-42cc-ab52-858eec23d013,795414b9-e17c-4451-b3b4-742a20a56ebf
FLX-00102600501130,Apple iPhone 11 64 GO,B,386,203,322,2026-06-19,9fae5bad-7f12-42cc-ab52-858eec23d013,20018306-f88f-4c9e-a108-9cb6242f8fcc
FLX-00102600501087,Apple iPhone 11 64 GO,B,386,203,322,2026-06-19,9fae5bad-7f12-42cc-ab52-858eec23d013,6b6247f6-6590-40f1-93d3-f55671a37a63
FLX-00102600600560,Apple iPhone 11 64 GO,B,360,203,300,2026-06-19,9fae5bad-7f12-42cc-ab52-858eec23d013,0c79ec15-9403-4c2c-8d29-94f58eb280a3
FLX-00102600501142,Apple iPhone 11 64 GO,B,354,203,295,2026-06-19,9fae5bad-7f12-42cc-ab52-858eec23d013,209bd247-ffdb-4952-b9d0-b77f3ac9bcc7
FLX-00102600500066,Apple iPhone 11 64 GO,B,354,203,295,2026-06-19,9fae5bad-7f12-42cc-ab52-858eec23d013,6826b5c8-7147-4869-b41a-d0d37f1d5b82
FLX-00102600501145,Apple iPhone 11 64 GO,B,354,203,295,2026-06-19,9fae5bad-7f12-42cc-ab52-858eec23d013,30ea8568-8e0d-4d31-a34d-83ad842e8552
FLX-00102600500739,Apple iPhone 11 64 GO,B,354,203,295,2026-06-19,9fae5bad-7f12-42cc-ab52-858eec23d013,764e7ed7-2cc4-4383-a571-5ee8f699ca75
FLX-00102600501125,Apple iPhone 11 64 GO,B,354,203,295,2026-06-19,9fae5bad-7f12-42cc-ab52-858eec23d013,47a4879e-f7d5-4e41-ad8b-8d87cc2cfbf1
FLX-00102600500098,Apple iPhone 11 64 GO,B,354,203,295,2026-06-19,9fae5bad-7f12-42cc-ab52-858eec23d013,babe2732-7726-431c-ae29-706cbbd760b9
FLX-00102600500911,Apple iPhone 11 64 GO,B,341,203,284,2026-06-19,9fae5bad-7f12-42cc-ab52-858eec23d013,c4f8782b-efc4-4eb7-b68a-ce2ba007871f
FLX-00102600500623,Apple iPhone 11 64 GO,B,341,203,284,2026-06-19,9fae5bad-7f12-42cc-ab52-858eec23d013,2b6557d0-0c3f-4155-b345-242b2d76ad6b
FLX-00102600500890,Apple iPhone 11 64 GO,B,341,203,284,2026-06-19,9fae5bad-7f12-42cc-ab52-858eec23d013,320b8ffa-a5eb-420a-86be-c1ebd3bd48f2
FLX-00102600500669,Apple iPhone 11 64 GO,B,341,203,284,2026-06-19,9fae5bad-7f12-42cc-ab52-858eec23d013,519bd3a3-a541-4772-87ca-34294706eb75
FLX-00102600500721,Apple iPhone 11 64 GO,B,341,203,284,2026-06-19,9fae5bad-7f12-42cc-ab52-858eec23d013,e99c457f-3917-4e66-896e-0c80e0a46881
FLX-00102600600571,Apple iPhone 11 64 GO,B,330,203,275,2026-06-19,9fae5bad-7f12-42cc-ab52-858eec23d013,cd5d322f-15e9-4d6e-8efe-5c9d9cc7c7ba
FLX-00102600501347,Apple iPhone 11 64 GO,B,322,203,268,2026-06-19,9fae5bad-7f12-42cc-ab52-858eec23d013,edac8c50-25c9-4bfb-8627-223444ccb273
FLX-00102600500518,Apple iPhone 11 64 GO,B,322,203,268,2026-06-19,9fae5bad-7f12-42cc-ab52-858eec23d013,6cd4009a-e3bd-4acc-aa25-f3dffcc8f2a3
FLX-00102600500553,Apple iPhone 11 64 GO,B,322,203,268,2026-06-19,9fae5bad-7f12-42cc-ab52-858eec23d013,290bad66-67e0-41a8-aa98-9e2cb9c20b4d
FLX-00102600500898,Apple iPhone 11 64 GO,B,322,203,268,2026-06-19,9fae5bad-7f12-42cc-ab52-858eec23d013,4bdfa35b-7bfb-45db-82a9-e760ff51c85b
FLX-00102600600669,Apple iPhone 11 64 GO,B,318,203,265,2026-06-19,9fae5bad-7f12-42cc-ab52-858eec23d013,62a93761-a934-450c-9fe3-18d0f4e5c0a6
FLX-00102600500715,Apple iPhone 11 64 GO,B,312,203,260,2026-06-19,9fae5bad-7f12-42cc-ab52-858eec23d013,4b4b2821-a0bb-4028-956c-c5610e0f264c
FLX-00102600500654,Apple iPhone 11 64 GO,B,312,203,260,2026-06-19,9fae5bad-7f12-42cc-ab52-858eec23d013,dda728df-02e6-4bd7-a50b-bfd3a83438bb
FLX-00102600800096,Apple iPhone 11 Pro 256 GO,B,630,269,525,2026-06-19,9286614e-97ca-4c66-96ae-7fa74dd2d29b,60b484d7-8358-42ed-a03b-2d7f0eda78ae
FLX-00102601000018,Apple iPhone 11 Pro 256 GO,B,546,269,455,2026-06-19,9286614e-97ca-4c66-96ae-7fa74dd2d29b,5ee6b1f9-0560-4120-ad72-800e1734f4de
FLX-00102600900541,Apple iPhone 11 Pro 256 GO,B,504,269,420,2026-06-19,9286614e-97ca-4c66-96ae-7fa74dd2d29b,54cb6638-14f5-4971-a1a1-94b7828a7e8d
FLX-00102600900519,Apple iPhone 11 Pro 256 GO,B,504,269,420,2026-06-19,9286614e-97ca-4c66-96ae-7fa74dd2d29b,33f5d685-c008-48f0-8f78-64df5147f096
FLX-00102600900538,Apple iPhone 11 Pro 256 GO,B,504,269,420,2026-06-17,9286614e-97ca-4c66-96ae-7fa74dd2d29b,8f966440-38c3-4669-8517-60adb1876a3d
FLX-00102600800724,Apple iPhone 11 Pro 256 GO,B,498,269,415,2026-06-19,9286614e-97ca-4c66-96ae-7fa74dd2d29b,72d6ada0-5255-4264-9ab7-f79a0a9dc15c
FLX-00102600800674,Apple iPhone 11 Pro 256 GO,B,458,269,382,2026-06-17,9286614e-97ca-4c66-96ae-7fa74dd2d29b,f5d6e308-94a4-42b9-8b85-83673a2dbb8c
FLX-00102600800683,Apple iPhone 11 Pro 256 GO,B,420,269,350,2026-06-19,9286614e-97ca-4c66-96ae-7fa74dd2d29b,7314a795-e1b5-44df-b8b4-f0f7e31b07d2
FLX-00102600800032,Apple iPhone 11 Pro 256 GO,B,420,269,350,2026-06-19,9286614e-97ca-4c66-96ae-7fa74dd2d29b,3e387a74-9aa2-4f9c-97c3-d59a073da28f
FLX-00102600800690,Apple iPhone 11 Pro 256 GO,B,420,269,350,2026-06-17,9286614e-97ca-4c66-96ae-7fa74dd2d29b,d910c945-a871-4a95-9ee3-8d6148132243
FLX-00102600800700,Apple iPhone 11 Pro 256 GO,B,420,269,350,2026-06-19,9286614e-97ca-4c66-96ae-7fa74dd2d29b,1a361e6b-3e3b-415f-9329-9d246a04a4d4
FLX-00102600800679,Apple iPhone 11 Pro 256 GO,B,420,269,350,2026-06-19,9286614e-97ca-4c66-96ae-7fa74dd2d29b,7ef494f3-3957-4247-a390-7f80db9614b9
FLX-00102600800284,Apple iPhone 11 Pro 256 GO,C,347,180,289,2026-06-19,9286614e-97ca-4c66-96ae-7fa74dd2d29b,81977d68-d1c1-4dca-92e9-3b07a4efa53c
FLX-00102600800176,Apple iPhone 11 Pro 256 GO,C,347,180,289,2026-06-19,9286614e-97ca-4c66-96ae-7fa74dd2d29b,59fe7bbd-c3a5-47b3-8748-9e15313c114d
FLX-00102600800511,Apple iPhone 11 Pro 256 GO,C,347,180,289,2026-06-17,9286614e-97ca-4c66-96ae-7fa74dd2d29b,f0549c49-79ce-4dbf-b454-480de69e4fbe
FLX-00102600800212,Apple iPhone 11 Pro 256 GO,C,330,180,275,2026-06-17,9286614e-97ca-4c66-96ae-7fa74dd2d29b,a234b58e-ca45-4956-81ad-420286bdf597
FLX-00102601400009,Apple iPhone 11 Pro Max 256 GO,B,622,288,518,2026-06-19,1a666d85-1de2-4f79-a722-0fa07c44dcc9,326f8e52-d36b-481d-9ed5-f49360b99f55
FLX-00102601300419,Apple iPhone 11 Pro Max 256 GO,B,583,288,486,2026-06-19,1a666d85-1de2-4f79-a722-0fa07c44dcc9,3acf2b34-aa14-4e98-b5df-959c3d5df1e4
FLX-00102601400041,Apple iPhone 11 Pro Max 256 GO,B,570,288,475,2026-06-19,1a666d85-1de2-4f79-a722-0fa07c44dcc9,2a5210b9-c48e-4055-af51-25294addda08
FLX-00102601400011,Apple iPhone 11 Pro Max 256 GO,B,570,288,475,2026-06-19,1a666d85-1de2-4f79-a722-0fa07c44dcc9,bbba425a-792d-4179-b9e5-ca7ebd7163ef
FLX-00102601300416,Apple iPhone 11 Pro Max 256 GO,B,534,288,445,2026-06-19,1a666d85-1de2-4f79-a722-0fa07c44dcc9,33a8753d-aa50-4bb9-8cec-144e77cc18e5
FLX-00102601200044,Apple iPhone 11 Pro Max 256 GO,B,523,288,436,2026-06-19,1a666d85-1de2-4f79-a722-0fa07c44dcc9,ae88a129-bd38-4699-a468-5857f973a8dd
FLX-00102601200018,Apple iPhone 11 Pro Max 256 GO,B,523,288,436,2026-06-19,1a666d85-1de2-4f79-a722-0fa07c44dcc9,b30ade33-a07c-4f06-953b-e022f7bdb0aa
FLX-00102601200273,Apple iPhone 11 Pro Max 256 GO,B,523,288,436,2026-06-19,1a666d85-1de2-4f79-a722-0fa07c44dcc9,6bc9be87-0d3c-4e16-afb2-dc6a07fc75ed
FLX-00102601300174,Apple iPhone 11 Pro Max 256 GO,B,504,288,420,2026-06-19,1a666d85-1de2-4f79-a722-0fa07c44dcc9,f4ca7f5d-866c-43b7-8c2f-36cf00b1968d
FLX-00102601200577,Apple iPhone 11 Pro Max 256 GO,B,480,288,400,2026-06-19,1a666d85-1de2-4f79-a722-0fa07c44dcc9,0936844c-19a7-47e9-813a-0ce533cc9309
FLX-00102601200551,Apple iPhone 11 Pro Max 256 GO,B,480,288,400,2026-06-17,1a666d85-1de2-4f79-a722-0fa07c44dcc9,b4d3821f-60a6-4d56-b95d-dc6b46083414
FLX-00102601200017,Apple iPhone 11 Pro Max 256 GO,B,480,288,400,2026-06-19,1a666d85-1de2-4f79-a722-0fa07c44dcc9,bc8ffaea-b2ba-4548-ad5f-ac96ba71481d
FLX-00102601200548,Apple iPhone 11 Pro Max 256 GO,B,480,288,400,2026-06-19,1a666d85-1de2-4f79-a722-0fa07c44dcc9,5ccb3e71-167b-4481-972d-207f3c531e5a
FLX-00102601200037,Apple iPhone 11 Pro Max 256 GO,B,480,288,400,2026-06-19,1a666d85-1de2-4f79-a722-0fa07c44dcc9,00a8a6f6-8137-4e47-b7a2-8eee66b4928a
FLX-00102601300102,Apple iPhone 11 Pro Max 256 GO,B,462,288,385,2026-06-19,1a666d85-1de2-4f79-a722-0fa07c44dcc9,b368d886-8b5e-4a2c-bfc1-7c84dd5c8903
FLX-00102601300385,Apple iPhone 11 Pro Max 256 GO,B,462,288,385,2026-06-19,1a666d85-1de2-4f79-a722-0fa07c44dcc9,aabfacb1-94c7-455f-ae1a-d68d978f4391
FLX-00102601200666,Apple iPhone 11 Pro Max 256 GO,B,458,288,382,2026-06-19,1a666d85-1de2-4f79-a722-0fa07c44dcc9,7d9e1bdc-35b7-4a04-8942-e99b25f6f385
FLX-00102601200101,Apple iPhone 11 Pro Max 256 GO,C,458,283,382,2026-06-19,1a666d85-1de2-4f79-a722-0fa07c44dcc9,0848204f-6000-4e24-b49c-040a591ddcef
FLX-00102601200157,Apple iPhone 11 Pro Max 256 GO,C,458,283,382,2026-06-19,1a666d85-1de2-4f79-a722-0fa07c44dcc9,3dcf9c5a-90fa-475b-b120-87c7712c15f0
FLX-00102601300080,Apple iPhone 11 Pro Max 256 GO,C,432,283,360,2026-06-19,1a666d85-1de2-4f79-a722-0fa07c44dcc9,3259c781-3f8a-4ddf-84aa-13471e9b0bee
FLX-00102601300083,Apple iPhone 11 Pro Max 256 GO,C,432,283,360,2026-06-19,1a666d85-1de2-4f79-a722-0fa07c44dcc9,e0b31ead-fd4b-4f90-97d7-e55e8bcd5b9a
FLX-00102601200361,Apple iPhone 11 Pro Max 256 GO,C,426,283,355,2026-06-17,1a666d85-1de2-4f79-a722-0fa07c44dcc9,a5e149cb-bafb-473a-8683-96f4abf8dcc4
FLX-00102601200483,Apple iPhone 11 Pro Max 256 GO,C,426,283,355,2026-06-19,1a666d85-1de2-4f79-a722-0fa07c44dcc9,1d90389d-5c21-4b4a-87f2-5b6c54aa3455
FLX-00103550600289,Apple iPhone 12 64 GO,A,595,282,496,2026-06-19,9b6b7cdb-c4cc-4eed-970f-12543f8db8d3,75850172-c4bd-4d07-803d-27f0c499349e
FLX-00103550600159,Apple iPhone 12 64 GO,A,595,282,496,2026-06-19,9b6b7cdb-c4cc-4eed-970f-12543f8db8d3,14a35317-346f-4d56-9859-5cef2f5b77d5
FLX-00103550600013,Apple iPhone 12 64 GO,A,558,282,465,2026-06-17,9b6b7cdb-c4cc-4eed-970f-12543f8db8d3,aa9cf73b-476d-47b0-a793-3b38d755d474
FLX-00103550600010,Apple iPhone 12 64 GO,A,558,282,465,2026-06-19,9b6b7cdb-c4cc-4eed-970f-12543f8db8d3,8b831867-2cdc-4da2-90b3-03b0550e5418
FLX-00103550600056,Apple iPhone 12 64 GO,A,546,282,455,2026-06-18,9b6b7cdb-c4cc-4eed-970f-12543f8db8d3,b6cd24c9-ecc6-4966-80ca-8b1a2d7762a7
FLX-00103550600589,Apple iPhone 12 64 GO,A,546,282,455,2026-06-18,9b6b7cdb-c4cc-4eed-970f-12543f8db8d3,8cf79462-1af1-4297-abea-ded072cf320b
FLX-00103550600001,Apple iPhone 12 64 GO,A,546,282,455,2026-06-19,9b6b7cdb-c4cc-4eed-970f-12543f8db8d3,191bc663-56f6-4bc5-99c1-37b7373db232
FLX-00103550600050,Apple iPhone 12 64 GO,A,546,282,455,2026-06-18,9b6b7cdb-c4cc-4eed-970f-12543f8db8d3,b2e4f9e6-2074-4956-a4d8-ab9be67d4135
FLX-00103550600085,Apple iPhone 12 64 GO,A,546,282,455,2026-06-19,9b6b7cdb-c4cc-4eed-970f-12543f8db8d3,7e4bdd17-39d6-4c86-bcd1-cdec87538e56
FLX-00103550500041,Apple iPhone 12 64 GO,B,612,223,510,2026-06-19,9b6b7cdb-c4cc-4eed-970f-12543f8db8d3,151446e9-b92a-4120-b125-fed1cafdff43
FLX-00103550800029,Apple iPhone 12 Mini 128 GO,A+,511,226,426,2026-06-19,e19475a0-440e-4c6c-97fa-4cbc0ea7c711,82dad086-2d8c-4d0f-9f0c-6d4b53e57604
FLX-00103550900005,Apple iPhone 12 Mini 128 GO,A+,458,226,435,2026-06-19,e19475a0-440e-4c6c-97fa-4cbc0ea7c711,4d5caa97-cead-4b65-a89b-20d646731fa6
FLX-00103551000090,Apple iPhone 12 Mini 128 GO,B,523,174,436,2026-06-19,e19475a0-440e-4c6c-97fa-4cbc0ea7c711,4da6b858-45af-4331-833a-3f7e274202d4
FLX-00103551000058,Apple iPhone 12 Mini 128 GO,B,523,174,436,2026-06-18,e19475a0-440e-4c6c-97fa-4cbc0ea7c711,c5f5a481-04e5-4cab-81f8-b824a85ee450
FLX-00103551000131,Apple iPhone 12 Mini 128 GO,B,523,174,436,2026-06-19,e19475a0-440e-4c6c-97fa-4cbc0ea7c711,7cf6e69f-136f-489f-bd6e-1997ce0471d9
FLX-00103551000095,Apple iPhone 12 Mini 128 GO,B,480,174,400,2026-06-18,e19475a0-440e-4c6c-97fa-4cbc0ea7c711,c22246fb-0e95-4908-921d-5afba828da8a
FLX-00103550900256,Apple iPhone 12 Mini 128 GO,B,472,174,393,2026-06-19,e19475a0-440e-4c6c-97fa-4cbc0ea7c711,7f26def7-5ae2-4c9a-b3e3-a69f3b17086d
FLX-00103550900101,Apple iPhone 12 Mini 128 GO,B,432,174,360,2026-06-18,e19475a0-440e-4c6c-97fa-4cbc0ea7c711,b5c6224f-3600-44e7-a1bf-5fa25db0c14b
FLX-00103550900304,Apple iPhone 12 Mini 128 GO,B,367,174,306,2026-06-19,e19475a0-440e-4c6c-97fa-4cbc0ea7c711,076e4ea8-4f9e-462d-9010-0f878a76e0b9
FLX-00103550800540,Apple iPhone 12 Mini 128 GO,B,341,174,284,2026-06-18,e19475a0-440e-4c6c-97fa-4cbc0ea7c711,cefa1d4b-1116-4705-8907-1e385e2f88c5
FLX-00103550800600,Apple iPhone 12 Mini 128 GO,B,312,174,260,2026-06-19,e19475a0-440e-4c6c-97fa-4cbc0ea7c711,2dae64ee-e3c6-47aa-bf31-e8fa43de39c3
FLX-00103551000021,Apple iPhone 12 Mini 128 GO,C,372,151,310,2026-06-19,e19475a0-440e-4c6c-97fa-4cbc0ea7c711,76af34a8-c685-4cd6-92ce-8c847e44a1e7
FLX-00103550800110,Apple iPhone 12 Mini 128 GO,C,360,151,300,2026-06-19,e19475a0-440e-4c6c-97fa-4cbc0ea7c711,c9b48234-491b-4dba-863e-01481e060f02
FLX-00103551700004,Apple iPhone 12 Pro 128 GO,B,773,282,644,2026-06-19,2d6fe34d-7014-42b1-8104-5a7746de6b0b,91384801-f8b1-43c4-9737-28e92cf198c0
FLX-00103551700109,Apple iPhone 12 Pro 128 GO,B,773,282,644,2026-06-19,2d6fe34d-7014-42b1-8104-5a7746de6b0b,180791f5-31a7-458e-bcc9-9be0e48e4a68
FLX-00103551600123,Apple iPhone 12 Pro 128 GO,B,739,282,616,2026-06-19,2d6fe34d-7014-42b1-8104-5a7746de6b0b,2151d18e-ca15-45cb-a296-dff0d3be15a0
FLX-00103551600335,Apple iPhone 12 Pro 128 GO,B,739,282,616,2026-06-19,2d6fe34d-7014-42b1-8104-5a7746de6b0b,0052e9af-7e54-499b-8a2d-03b2be6ad705
FLX-00103551700025,Apple iPhone 12 Pro 128 GO,B,708,282,590,2026-06-19,2d6fe34d-7014-42b1-8104-5a7746de6b0b,7e5d0d73-0df2-4f8e-8df8-176435d45c15
FLX-00103551500033,Apple iPhone 12 Pro 128 GO,B,688,282,573,2026-06-19,2d6fe34d-7014-42b1-8104-5a7746de6b0b,dade5b12-72fc-4145-9fa8-2b87c8622cfe
FLX-00103551500096,Apple iPhone 12 Pro 128 GO,B,688,282,573,2026-06-19,2d6fe34d-7014-42b1-8104-5a7746de6b0b,53ac4ae1-5399-4026-889a-8baf60d4423b
FLX-00103551500098,Apple iPhone 12 Pro 128 GO,B,688,282,573,2026-06-19,2d6fe34d-7014-42b1-8104-5a7746de6b0b,64b34d0b-66c6-4a92-85e3-94b2a7b894ae
FLX-00103551500576,Apple iPhone 12 Pro 128 GO,B,688,282,573,2026-06-19,2d6fe34d-7014-42b1-8104-5a7746de6b0b,70e384a6-4be0-4390-b583-a74c3f80f3fb
FLX-00103551600034,Apple iPhone 12 Pro 128 GO,B,678,282,565,2026-06-19,2d6fe34d-7014-42b1-8104-5a7746de6b0b,0c4aa0cd-862d-43dc-a32c-364d34655dde
FLX-00103551600042,Apple iPhone 12 Pro 128 GO,B,678,282,565,2026-06-17,2d6fe34d-7014-42b1-8104-5a7746de6b0b,b0c68806-85f9-4418-93d5-ac2fedf01ef3
FLX-00103551500050,Apple iPhone 12 Pro 128 GO,B,630,282,525,2026-06-19,2d6fe34d-7014-42b1-8104-5a7746de6b0b,40435ad9-bd8a-472b-a4f0-978ef6ba85cc
FLX-00103551500012,Apple iPhone 12 Pro 128 GO,B,630,282,525,2026-06-19,2d6fe34d-7014-42b1-8104-5a7746de6b0b,6c966699-9ace-4542-a94c-1d2577b88ce5
FLX-00103551500027,Apple iPhone 12 Pro 128 GO,B,630,282,525,2026-06-19,2d6fe34d-7014-42b1-8104-5a7746de6b0b,570df7ef-6ebd-43e4-ae02-5fd6bc548fe2
FLX-00103551500119,Apple iPhone 12 Pro 128 GO,B,584,282,573,2026-06-19,2d6fe34d-7014-42b1-8104-5a7746de6b0b,4a3e1b7a-ecaf-48cb-8335-b6d2b899a69f
FLX-00103552000058,Apple iPhone 12 Pro Max 128 GO,B,1098,322,915,2026-06-19,f5245231-7229-416b-a3b1-e4b518b72bfd,4e82887c-5a41-4f3d-b16f-e1db25c5bd73
FLX-00103551800035,Apple iPhone 12 Pro Max 128 GO,B,1002,322,835,2026-06-19,f5245231-7229-416b-a3b1-e4b518b72bfd,db917a41-dfc4-4bfa-9c30-ce2477d185d5
FLX-00103552000037,Apple iPhone 12 Pro Max 128 GO,B,883,322,736,2026-06-17,f5245231-7229-416b-a3b1-e4b518b72bfd,93388d8e-f6b2-44d1-945a-b869f5ea5cf3
FLX-00103551800529,Apple iPhone 12 Pro Max 128 GO,B,870,322,725,2026-06-19,f5245231-7229-416b-a3b1-e4b518b72bfd,13ab4372-98ea-4c37-92a0-5a0099802d12
FLX-00103551900024,Apple iPhone 12 Pro Max 128 GO,B,851,322,709,2026-06-19,f5245231-7229-416b-a3b1-e4b518b72bfd,4fdc6028-5234-4d0c-ab7a-87c44215efe0
FLX-00103551900370,Apple iPhone 12 Pro Max 128 GO,B,840,322,700,2026-06-19,f5245231-7229-416b-a3b1-e4b518b72bfd,f1753d85-39d3-4dc6-8dd8-e2c59bf00eea
FLX-00103551800100,Apple iPhone 12 Pro Max 128 GO,B,811,322,676,2026-06-19,f5245231-7229-416b-a3b1-e4b518b72bfd,c11dd2f5-51c7-4766-a70a-5b6a5beaebcb
FLX-00103551800082,Apple iPhone 12 Pro Max 128 GO,B,811,322,676,2026-06-19,f5245231-7229-416b-a3b1-e4b518b72bfd,7536c829-0068-45ba-9bdb-74224e8bf833
FLX-00103551900036,Apple iPhone 12 Pro Max 128 GO,B,780,322,650,2026-06-19,f5245231-7229-416b-a3b1-e4b518b72bfd,ecce0740-ff0a-4d0c-8030-08533f4a17d3
FLX-00103551900309,Apple iPhone 12 Pro Max 128 GO,B,780,322,650,2026-06-19,f5245231-7229-416b-a3b1-e4b518b72bfd,3a08dc37-a068-44d3-a5d9-fd390f939e8d
FLX-00103551900044,Apple iPhone 12 Pro Max 128 GO,B,780,322,650,2026-06-19,f5245231-7229-416b-a3b1-e4b518b72bfd,32581adf-f456-46d6-9d4e-5421f4536eee
FLX-00103551800058,Apple iPhone 12 Pro Max 128 GO,B,744,322,620,2026-06-19,f5245231-7229-416b-a3b1-e4b518b72bfd,853a94ef-7db9-4a7a-be38-c7e19d36b099
FLX-00103551900373,Apple iPhone 12 Pro Max 128 GO,B,726,322,605,2026-06-19,f5245231-7229-416b-a3b1-e4b518b72bfd,0bca0d62-61c5-4468-a3c2-d43a10b38bd9
FLX-00103552000148,Apple iPhone 12 Pro Max 128 GO,B,693,322,675,2026-06-19,f5245231-7229-416b-a3b1-e4b518b72bfd,7c5d87c9-862d-49b6-88a5-3c1f47ab3f4a
FLX-00103551900280,Apple iPhone 12 Pro Max 128 GO,C,720,234,600,2026-06-19,f5245231-7229-416b-a3b1-e4b518b72bfd,efead6d7-556c-4fa5-b8ee-e8627c0d8a78
FLX-00104340800060,Apple iPhone 13 128 GO,A,832,389,693,2026-06-19,1dac7a64-2668-409a-9a16-8308c5b28be6,4ef75da7-bff2-4aa3-89e1-8008dbbc0fd4
FLX-00104340800099,Apple iPhone 13 128 GO,A,774,389,645,2026-06-19,1dac7a64-2668-409a-9a16-8308c5b28be6,78afef53-1e5a-4f3b-a2e6-8949451ff3ff
FLX-00104340800123,Apple iPhone 13 128 GO,A+,851,395,709,2026-06-19,1dac7a64-2668-409a-9a16-8308c5b28be6,4a9b7880-b24d-451c-b6c8-e245fce51328
FLX-00104340800005,Apple iPhone 13 128 GO,A+,792,395,660,2026-06-18,1dac7a64-2668-409a-9a16-8308c5b28be6,d5c39faa-7210-4698-b53c-b8ee77e430ed
FLX-00104340800118,Apple iPhone 13 128 GO,A+,792,395,660,2026-06-19,1dac7a64-2668-409a-9a16-8308c5b28be6,54c261ac-9e5d-4bc2-b8e0-34566b21d76a
FLX-00104340800028,Apple iPhone 13 128 GO,A+,780,395,650,2026-06-18,1dac7a64-2668-409a-9a16-8308c5b28be6,9ae2c274-eff1-4925-a8d2-82d94d7506f5
FLX-00104340800017,Apple iPhone 13 128 GO,A+,780,395,650,2026-06-18,1dac7a64-2668-409a-9a16-8308c5b28be6,e3079140-5d4d-4eca-973a-fa6901c0ae97
FLX-00104340800016,Apple iPhone 13 128 GO,A+,780,395,650,2026-06-19,1dac7a64-2668-409a-9a16-8308c5b28be6,34f4c127-0738-404e-8a43-17463f6a89ea
FLX-00104340900075,Apple iPhone 13 128 GO,B,870,293,725,2026-06-19,1dac7a64-2668-409a-9a16-8308c5b28be6,4fa8f0f3-2fe8-4fff-b067-c6d5b1bd4137
FLX-00104340900040,Apple iPhone 13 128 GO,B,870,293,725,2026-06-19,1dac7a64-2668-409a-9a16-8308c5b28be6,19b58350-d9e4-4608-91ed-c6501d988343
FLX-00104340800716,Apple iPhone 13 128 GO,B,494,293,396,2026-06-19,1dac7a64-2668-409a-9a16-8308c5b28be6,711b3408-216b-4ce4-800b-1a6ece877224
FLX-00104340701088,Apple iPhone 13 128 GO,B,488,293,348,2026-06-19,1dac7a64-2668-409a-9a16-8308c5b28be6,1cfdea36-c338-490c-9146-107afbce3ccb
FLX-00104340800666,Apple iPhone 13 128 GO,B,475,293,396,2026-06-19,1dac7a64-2668-409a-9a16-8308c5b28be6,70c81064-0625-4c42-a07e-be8ddbaafa49
FLX-00104340800199,Apple iPhone 13 128 GO,B,451,293,376,2026-06-19,1dac7a64-2668-409a-9a16-8308c5b28be6,d0711ded-54de-4c4d-8e5c-75e97873f796
FLX-00104340800224,Apple iPhone 13 128 GO,C,558,257,465,2026-06-19,1dac7a64-2668-409a-9a16-8308c5b28be6,537e8646-9e86-42d9-b99a-3c6a44e570c1
FLX-00104341200100,Apple iPhone 13 Pro 128 GO,B,1110,413,925,2026-06-19,7dafad55-45da-4928-a964-9291aaa1e219,250787bb-aeb1-4d24-b450-a534bb80357d
FLX-00104341200099,Apple iPhone 13 Pro 128 GO,B,1110,413,925,2026-06-19,7dafad55-45da-4928-a964-9291aaa1e219,93aab3d2-49e8-42cb-9550-aa6be322569b
FLX-00104341200060,Apple iPhone 13 Pro 128 GO,B,1034,413,862,2026-06-19,7dafad55-45da-4928-a964-9291aaa1e219,b91e3d2c-264f-40dc-96a0-c116737d1ce2
FLX-00104341100060,Apple iPhone 13 Pro 128 GO,B,962,413,802,2026-06-19,7dafad55-45da-4928-a964-9291aaa1e219,122c6a56-87dc-4e2d-9db2-7f0ccd610cf4
FLX-00104341100119,Apple iPhone 13 Pro 128 GO,B,962,413,802,2026-06-19,7dafad55-45da-4928-a964-9291aaa1e219,420f7bd7-54f6-4f72-b4ba-118ae5b2dcf3
FLX-00104341200029,Apple iPhone 13 Pro 128 GO,B,948,413,790,2026-06-19,7dafad55-45da-4928-a964-9291aaa1e219,7e77bde8-f305-460e-8dbd-11e334317c0a
FLX-00104341000072,Apple iPhone 13 Pro 128 GO,B,883,413,736,2026-06-19,7dafad55-45da-4928-a964-9291aaa1e219,3f1cdefc-5a0b-4c02-a36a-3810dde54683
FLX-00104341000178,Apple iPhone 13 Pro 128 GO,B,883,413,736,2026-06-19,7dafad55-45da-4928-a964-9291aaa1e219,96ad4a65-8f3f-4fab-9f5d-26b63e456fd0
FLX-00104341000141,Apple iPhone 13 Pro 128 GO,B,883,413,736,2026-06-18,7dafad55-45da-4928-a964-9291aaa1e219,b2ebea20-692d-4a27-8f08-7369f3fb6c89
FLX-00104341100029,Apple iPhone 13 Pro 128 GO,B,882,413,735,2026-06-19,7dafad55-45da-4928-a964-9291aaa1e219,5c642fb7-b125-4faf-9188-1db7e0c7742a
FLX-00104341100238,Apple iPhone 13 Pro 128 GO,B,882,413,735,2026-06-19,7dafad55-45da-4928-a964-9291aaa1e219,6a90e735-ec16-4c26-a773-493246daf3bc
FLX-00104341100076,Apple iPhone 13 Pro 128 GO,B,882,413,735,2026-06-19,7dafad55-45da-4928-a964-9291aaa1e219,d824d2c8-86a1-46e4-a00f-dde49f6b6023
FLX-00104341000043,Apple iPhone 13 Pro 128 GO,B,810,413,675,2026-06-19,7dafad55-45da-4928-a964-9291aaa1e219,ce7cc57e-56eb-492f-bc5c-316502243dfb
FLX-00104341000338,Apple iPhone 13 Pro 128 GO,B,810,413,675,2026-06-19,7dafad55-45da-4928-a964-9291aaa1e219,23660625-fff1-47c0-9dfa-b924b176b5ad
FLX-00104341000326,Apple iPhone 13 Pro 128 GO,B,810,413,675,2026-06-17,7dafad55-45da-4928-a964-9291aaa1e219,e4b5df2e-d72f-4aff-972a-981e634529ae
FLX-00104341100173,Apple iPhone 13 Pro 128 GO,B,726,413,605,2026-06-17,7dafad55-45da-4928-a964-9291aaa1e219,f7d82715-4d71-4aec-bf5b-abe7df463e3b
FLX-00104341100207,Apple iPhone 13 Pro 128 GO,B,696,413,580,2026-06-19,7dafad55-45da-4928-a964-9291aaa1e219,9d1dc783-2d3b-4ebd-ba72-caf84f15929b
FLX-00104341100206,Apple iPhone 13 Pro 128 GO,B,696,413,580,2026-06-19,7dafad55-45da-4928-a964-9291aaa1e219,2549ef17-761b-4b2c-99e4-6f95e9f5f67a
FLX-00104341100286,Apple iPhone 13 Pro 128 GO,B,696,413,580,2026-06-19,7dafad55-45da-4928-a964-9291aaa1e219,0bf3aec0-b83f-4f52-b6e1-0359a730b777
FLX-00104341000399,Apple iPhone 13 Pro 128 GO,B,678,413,565,2026-06-19,7dafad55-45da-4928-a964-9291aaa1e219,d4b40592-d658-443f-8f40-0c9f63238ea6
FLX-00104341000256,Apple iPhone 13 Pro 128 GO,B,678,413,565,2026-06-19,7dafad55-45da-4928-a964-9291aaa1e219,af5d5b48-503b-40df-9d9f-a81b741532b4
FLX-00104341300008,Apple iPhone 13 Pro 128 GO,C+,894,386,745,2026-06-19,7dafad55-45da-4928-a964-9291aaa1e219,ae6f3e7d-2ce1-4221-b04f-97f652d41b7f
FLX-00104341200030,Apple iPhone 13 Pro 128 GO,C+,846,386,705,2026-06-17,7dafad55-45da-4928-a964-9291aaa1e219,a4f19061-7dc7-4409-bd67-73bdaf043212
FLX-00104341000176,Apple iPhone 13 Pro 128 GO,C+,805,386,671,2026-06-18,7dafad55-45da-4928-a964-9291aaa1e219,a14ccd08-a738-45e4-8599-3d38966a9299
FLX-00104341000174,Apple iPhone 13 Pro 128 GO,C+,805,386,671,2026-06-19,7dafad55-45da-4928-a964-9291aaa1e219,8ba8c933-ee8a-49c6-936f-fd96bdfdd060
FLX-00104341100073,Apple iPhone 13 Pro 128 GO,C+,786,386,655,2026-06-19,7dafad55-45da-4928-a964-9291aaa1e219,062acd33-b5e9-4b7b-9add-dbc5c6d65d39
FLX-00104341100194,Apple iPhone 13 Pro 128 GO,C+,786,386,655,2026-06-18,7dafad55-45da-4928-a964-9291aaa1e219,93c7dce9-c8aa-4b00-b0b3-f0b233cf0c5e
FLX-00104341000042,Apple iPhone 13 Pro 128 GO,C+,738,386,615,2026-06-17,7dafad55-45da-4928-a964-9291aaa1e219,ac503d29-0613-4c03-9953-ef1b5083fd8c
FLX-00105614400021,Apple iPhone 14 128 GO,A+,888,456,740,2026-06-19,d795fd10-0f37-46e8-80e4-ee27cf441cce,527107fb-0f17-4d0e-b4d1-5e100ba03a25
FLX-00105614300011,Apple iPhone 14 128 GO,A+,828,456,690,2026-06-19,d795fd10-0f37-46e8-80e4-ee27cf441cce,2a2aaa4b-5a38-4353-9177-be75cd3a4917
FLX-00105614300019,Apple iPhone 14 128 GO,A+,816,456,680,2026-06-18,d795fd10-0f37-46e8-80e4-ee27cf441cce,d795fd10-0f37-46e8-80e4-ee27cf441cce
FLX-00105614200013,Apple iPhone 14 128 GO,A+,798,456,665,2026-06-17,d795fd10-0f37-46e8-80e4-ee27cf441cce,95afef77-0c31-4ba9-b5c5-c92e5510a3df
FLX-00105614200001,Apple iPhone 14 128 GO,A+,798,456,665,2026-06-19,d795fd10-0f37-46e8-80e4-ee27cf441cce,51da8d7c-1cb3-4e03-8276-332d23eeade5
FLX-00105614200012,Apple iPhone 14 128 GO,A+,798,456,665,2026-06-19,d795fd10-0f37-46e8-80e4-ee27cf441cce,68380b87-5757-4211-9031-3657c545f8e9
FLX-00105614200024,Apple iPhone 14 128 GO,A+,798,456,665,2026-06-19,d795fd10-0f37-46e8-80e4-ee27cf441cce,6d1ac33f-1eb5-4117-af0e-50ae1de3207e
FLX-00105614200023,Apple iPhone 14 128 GO,A+,798,456,665,2026-06-17,d795fd10-0f37-46e8-80e4-ee27cf441cce,cbc97c09-9525-41de-9e4b-1b771c0f3b17
FLX-00105614200018,Apple iPhone 14 128 GO,A+,786,456,655,2026-06-18,d795fd10-0f37-46e8-80e4-ee27cf441cce,afcb0f32-9057-4c9f-b47d-28446325148e
FLX-00105614400013,Apple iPhone 14 128 GO,B,864,384,720,2026-06-18,d795fd10-0f37-46e8-80e4-ee27cf441cce,bb6ae12a-c9d7-4961-80c5-6da83a0ceb34
FLX-00105614700001,Apple iPhone 14 128 GO,B,840,384,700,2026-06-19,d795fd10-0f37-46e8-80e4-ee27cf441cce,5c46e6c7-36ea-4ead-bacf-0c54e861e0b2
FLX-00105615100002,Apple iPhone 14 Plus 128 GO,A,984,450,820,2026-06-17,0f6f324a-631a-4ab8-8c14-2c911b960f8b,922dadcd-a437-4a3f-a897-c95ada708ca0
FLX-00105615300001,Apple iPhone 14 Plus 128 GO,A,962,450,802,2026-06-17,0f6f324a-631a-4ab8-8c14-2c911b960f8b,cb6cc29b-7b47-4baf-9bb3-a86039413f87
FLX-00105614900040,Apple iPhone 14 Plus 128 GO,A,864,450,720,2026-06-19,0f6f324a-631a-4ab8-8c14-2c911b960f8b,1248a698-a2e0-400e-9628-6cf9a4d43941
FLX-00105615100013,Apple iPhone 14 Plus 128 GO,B,1014,406,845,2026-06-19,0f6f324a-631a-4ab8-8c14-2c911b960f8b,3055d063-c718-409a-b6fc-1a7be0402567
FLX-00105615000023,Apple iPhone 14 Plus 128 GO,B,894,406,745,2026-06-17,0f6f324a-631a-4ab8-8c14-2c911b960f8b,bd028a73-4cd4-4e25-9751-a24ff8c8712d
FLX-00105616000007,Apple iPhone 14 Pro 128 GO,A,1116,590,930,2026-06-18,833e36cf-1f8b-4e4b-a3d7-15d48b8087ed,e7f85d62-c62a-432c-a926-504baf73b7e8
FLX-00105615600072,Apple iPhone 14 Pro 128 GO,A,1061,590,545,2026-06-19,833e36cf-1f8b-4e4b-a3d7-15d48b8087ed,4d3ea23d-fb37-49b3-bd67-f924182107c0
FLX-00105615700042,Apple iPhone 14 Pro 128 GO,B,1368,480,1140,2026-06-19,833e36cf-1f8b-4e4b-a3d7-15d48b8087ed,19db0ec7-85da-4d25-811d-f71d6cb43797
FLX-00105615600094,Apple iPhone 14 Pro 128 GO,B,1212,480,1010,2026-06-19,833e36cf-1f8b-4e4b-a3d7-15d48b8087ed,824325a6-d6d6-425c-b947-0322ae43fb49
FLX-00105615600095,Apple iPhone 14 Pro 128 GO,B,1212,480,1010,2026-06-17,833e36cf-1f8b-4e4b-a3d7-15d48b8087ed,ee92a834-4627-4bcc-ab87-1971415ba206
FLX-00105615600092,Apple iPhone 14 Pro 128 GO,B,1212,480,1010,2026-06-17,833e36cf-1f8b-4e4b-a3d7-15d48b8087ed,f33b320d-71ad-4e20-aa8d-2d01ee1e1245
FLX-00105615900002,Apple iPhone 14 Pro 128 GO,B,929,480,835,2026-06-19,833e36cf-1f8b-4e4b-a3d7-15d48b8087ed,6296be46-a9a3-4afc-abbe-51428881dc78
FLX-00105615600061,Apple iPhone 14 Pro 128 GO,C,1062,551,885,2026-06-19,833e36cf-1f8b-4e4b-a3d7-15d48b8087ed,355c9542-2960-4fc6-8de6-8185a21d10d2
FLX-00105615500145,Apple iPhone 14 Pro 128 GO,C+,1014,472,845,2026-06-17,833e36cf-1f8b-4e4b-a3d7-15d48b8087ed,ec98ee95-9352-49c6-9191-8bf36ae24267
FLX-00105616800002,Apple iPhone 14 Pro Max 128 GO,A,1224,644,1020,2026-06-19,13609068-25a0-40b2-893c-54d069e99af8,c51e647e-ae17-418f-90aa-9a5ed9969c22
FLX-00106791200104,Apple iPhone 16 256 GO,C+,1072,707,893,2026-06-17,7bb02c67-4cf3-4427-85f8-fa8d0394bd20,906755ac-15ac-4cc8-bd9f-4fbda85a1cdc
FLX-00107180900014,Apple iPhone Air 512 GO,A,1226,796,1022,2026-06-17,234aca68-07c6-415b-b5d6-a4e4ede467d5,b50540d9-1243-4802-bad5-64d52f60062a
FLX-00103060700083,Apple iPhone SE (2020) 128 GO,A,164,98,137,2026-06-18,0167e684-af0b-421f-b83c-90e3e5a9c9cf,f8c2f59c-576c-48e6-918f-83b0ddaac6d4
FLX-00103060700078,Apple iPhone SE (2020) 128 GO,A,164,98,137,2026-06-17,0167e684-af0b-421f-b83c-90e3e5a9c9cf,b5ec456e-d28c-4815-92ab-ef03567ef328
FLX-00103060700079,Apple iPhone SE (2020) 128 GO,A+,191,126,159,2026-06-19,0167e684-af0b-421f-b83c-90e3e5a9c9cf,3eb111c6-3abc-4045-9fc7-5d67ebd1a585
FLX-00103060600268,Apple iPhone SE (2020) 128 GO,B,186,106,155,2026-06-19,0167e684-af0b-421f-b83c-90e3e5a9c9cf,774a861a-9475-4703-b069-cc3a660362fe
FLX-00103060800018,Apple iPhone SE (2020) 128 GO,B,168,106,140,2026-06-19,0167e684-af0b-421f-b83c-90e3e5a9c9cf,7e373c98-3248-4a44-a1eb-244df07f6221
FLX-00103060700807,Apple iPhone SE (2020) 128 GO,C+,167,92,139,2026-06-19,0167e684-af0b-421f-b83c-90e3e5a9c9cf,73eda257-10d8-415a-ba96-f1952d2c2975
FLX-00103060700808,Apple iPhone SE (2020) 128 GO,C+,167,92,139,2026-06-17,0167e684-af0b-421f-b83c-90e3e5a9c9cf,9c08d620-8b24-4395-92d4-2496bae7942e
FLX-00103060700352,Apple iPhone SE (2020) 128 GO,C+,155,92,129,2026-06-17,0167e684-af0b-421f-b83c-90e3e5a9c9cf,f114a601-8112-4f7e-b669-bb8db51f1e81
FLX-00105171600005,Apple iPhone SE (2022) 64 GO,A,246,132,205,2026-06-18,d0c745a0-3e1e-4c67-aa98-a5583380ea63,ee7b7f1a-c6eb-4d2a-8328-542005bd30b8
FLX-00105171600013,Apple iPhone SE (2022) 64 GO,A,246,132,205,2026-06-18,d0c745a0-3e1e-4c67-aa98-a5583380ea63,e278c614-3eb8-411a-8f6e-21c3b1353381
FLX-00105171600087,Apple iPhone SE (2022) 64 GO,A+,472,161,393,2026-06-18,d0c745a0-3e1e-4c67-aa98-a5583380ea63,f3197571-5201-46ab-bda1-5f2c99042a64
FLX-00105171500432,Apple iPhone SE (2022) 64 GO,A+,397,161,136,2026-06-19,d0c745a0-3e1e-4c67-aa98-a5583380ea63,3f866e45-02ab-4f7e-a072-43dd0d819f93
FLX-00105171600022,Apple iPhone SE (2022) 64 GO,B,378,151,191,2026-06-19,d0c745a0-3e1e-4c67-aa98-a5583380ea63,1ec887f8-e771-4d3b-a878-f01fb3b7f48e
FLX-00105171600033,Apple iPhone SE (2022) 64 GO,B,229,151,191,2026-06-18,d0c745a0-3e1e-4c67-aa98-a5583380ea63,d0c745a0-3e1e-4c67-aa98-a5583380ea63
FLX-00105171600250,Apple iPhone SE (2022) 64 GO,B,229,151,191,2026-06-19,d0c745a0-3e1e-4c67-aa98-a5583380ea63,6ffcde33-8c0e-4eab-bcd2-eb483305f67f
FLX-00105171600024,Apple iPhone SE (2022) 64 GO,B,229,151,191,2026-06-18,d0c745a0-3e1e-4c67-aa98-a5583380ea63,c1a84021-1baf-48ae-b823-c5c8de34f6ac
FLX-00105171700008,Apple iPhone SE (2022) 64 GO,C+,432,174,360,2026-06-18,d0c745a0-3e1e-4c67-aa98-a5583380ea63,b7dc9e6c-7f70-41bf-9b0d-60eeed99bac1
FLX-00105171600093,Apple iPhone SE (2022) 64 GO,C+,354,174,295,2026-06-19,d0c745a0-3e1e-4c67-aa98-a5583380ea63,2d16c064-997f-441d-8c2d-3e6c796e6b0b
FLX-00105171500040,Apple iPhone SE (2022) 64 GO,C+,270,174,225,2026-06-18,d0c745a0-3e1e-4c67-aa98-a5583380ea63,eba7e030-6303-43bb-b5e0-dfdcc1db2c99
FLX-00101646200382,Apple iPhone X 64 GO,C,216,106,180,2026-06-19,d1b4209c-302e-4bcb-b4cc-f7ea633944d5,7ccd10a0-a815-4731-a0dc-082f456c56ba
FLX-00101646200055,Apple iPhone X 64 GO,C,198,106,165,2026-06-17,d1b4209c-302e-4bcb-b4cc-f7ea633944d5,ba877033-713b-4e7f-8725-09bdc3e79884
FLX-00101646200023,Apple iPhone X 64 GO,C,198,106,165,2026-06-17,d1b4209c-302e-4bcb-b4cc-f7ea633944d5,a52605d1-7b9a-45d3-b527-23e6ebd74840
FLX-00101646100297,Apple iPhone X 64 GO,C,197,106,164,2026-06-19,d1b4209c-302e-4bcb-b4cc-f7ea633944d5,4632472d-b52d-47a5-99da-0118928a312a
FLX-00101646100204,Apple iPhone X 64 GO,C,197,106,164,2026-06-19,d1b4209c-302e-4bcb-b4cc-f7ea633944d5,5c58098d-0f11-4267-a05b-ce0503eff6ac
FLX-00101646100299,Apple iPhone X 64 GO,C,197,106,164,2026-06-17,d1b4209c-302e-4bcb-b4cc-f7ea633944d5,c9ef7a5e-02ff-4212-9ceb-c24f50b7c193
FLX-00102024600047,Apple iPhone XR 64 GO,B,200,107,115,2026-06-19,9dee37cf-655d-42ce-affd-1b455fdd77e9,05b2704e-10bb-4c4b-8d5c-d3dc15f4fcac
FLX-00106113900004,Google Pixel 7a 5G ,A+,544,54,453,2026-06-17,f439f92c-aa47-48b1-a97e-01f185d15e91,bdac1c7e-858f-41a2-bc85-e03e32051b6a
FLX-00106020700152,Samsung Galaxy A54 5G 256 GO,B,348,216,290,2026-06-17,13acc9ef-3f8c-4e6f-bcb3-9c79029ab5d8,d7b85cee-76a6-465e-92d4-f9e6873e1a79
FLX-00105017200010,Samsung Galaxy S21 FE 5G 128 GO,A,372,180,310,2026-06-19,8ef31e20-5ff4-423b-8aec-b332851e1c44,22a95595-c33b-46ab-b415-c14dbe345430
FLX-00105017200004,Samsung Galaxy S21 FE 5G 128 GO,B,380,176,317,2026-06-19,8ef31e20-5ff4-423b-8aec-b332851e1c44,d4732d4c-e7d4-4898-b855-6307003f5cff
FLX-00105017200045,Samsung Galaxy S21 FE 5G 128 GO,B,380,176,317,2026-06-19,8ef31e20-5ff4-423b-8aec-b332851e1c44,8b555728-91c0-4ec6-a2e9-4466a75822a6
FLX-00105017200054,Samsung Galaxy S21 FE 5G 128 GO,B,348,176,290,2026-06-19,8ef31e20-5ff4-423b-8aec-b332851e1c44,3bd5c5bb-4b39-46e3-a85f-7b321e3e0d9e
FLX-00103963100063,Samsung Galaxy S21 Plus 128 GO,B,426,203,355,2026-06-19,2c9595ac-7610-4c46-b89f-4899b3dac283,7ff544bd-3c3d-48dc-86b8-80d395c6b92b
FLX-00103963100064,Samsung Galaxy S21 Plus 128 GO,B,390,203,325,2026-06-19,2c9595ac-7610-4c46-b89f-4899b3dac283,04359119-995a-41be-9f27-e9805bb9cc70
FLX-00103963100011,Samsung Galaxy S21 Plus 128 GO,B,390,203,325,2026-06-17,2c9595ac-7610-4c46-b89f-4899b3dac283,9f9612fc-a853-4c28-b0b5-34a988110ca2
FLX-00105082000034,Samsung Galaxy S22 5G 128 GO,A,540,284,450,2026-06-19,6c24e4ce-e69b-4503-88f2-0a05c7911091,7c47ae6f-3bdb-4ce8-88cf-1e39a25afdc2
FLX-00105081800034,Samsung Galaxy S22 5G 128 GO,A+,510,289,425,2026-06-19,6c24e4ce-e69b-4503-88f2-0a05c7911091,567b9d20-b5ff-4b41-9d9d-417be1fd3767
FLX-00105081800198,Samsung Galaxy S22 5G 128 GO,B,468,236,390,2026-06-19,6c24e4ce-e69b-4503-88f2-0a05c7911091,631f157d-2349-4f44-9c00-9b88ed92e310
FLX-00105082000079,Samsung Galaxy S22 5G 128 GO,B,406,236,218,2026-06-19,6c24e4ce-e69b-4503-88f2-0a05c7911091,79023813-4ea5-48db-be66-550e2d58d6ec
FLX-00105082000029,Samsung Galaxy S22 5G 128 GO,B,394,236,218,2026-06-19,6c24e4ce-e69b-4503-88f2-0a05c7911091,1058e590-3224-40c2-ae09-551aacebc1e8
FLX-00105082000106,Samsung Galaxy S22 5G 128 GO,C,464,186,387,2026-06-17,6c24e4ce-e69b-4503-88f2-0a05c7911091,de94be8e-e8c5-4f04-882c-22e9eb016560
FLX-00105082000126,Samsung Galaxy S22 5G 128 GO,C,464,186,387,2026-06-19,6c24e4ce-e69b-4503-88f2-0a05c7911091,2ced972e-9a28-4cdd-8ee2-dd070d2496a7
FLX-00105082000085,Samsung Galaxy S22 5G 128 GO,C,439,186,366,2026-06-17,6c24e4ce-e69b-4503-88f2-0a05c7911091,d5b10c62-013b-46c0-99fe-ad3ac8bf858c
FLX-00105082000032,Samsung Galaxy S22 5G 128 GO,C,426,186,355,2026-06-17,6c24e4ce-e69b-4503-88f2-0a05c7911091,c0e2d96e-3f1f-4914-8efb-3eab187f5ea5
FLX-00105081800091,Samsung Galaxy S22 5G 128 GO,C,419,186,349,2026-06-19,6c24e4ce-e69b-4503-88f2-0a05c7911091,d34831be-4f08-4b4d-bd75-b24665b3fa75
FLX-00105081800047,Samsung Galaxy S22 5G 128 GO,C,384,186,320,2026-06-19,6c24e4ce-e69b-4503-88f2-0a05c7911091,3e0edda0-36d6-4e3d-b8ee-e668ab243cd3
FLX-00105082000049,Samsung Galaxy S22 5G 128 GO,C+,450,210,375,2026-06-19,6c24e4ce-e69b-4503-88f2-0a05c7911091,0b1e663f-8088-49c2-9fe2-e7815a1599ee
FLX-00105082000037,Samsung Galaxy S22 5G 128 GO,C+,450,210,375,2026-06-19,6c24e4ce-e69b-4503-88f2-0a05c7911091,267475b5-e6ef-450d-ad0a-d7db3e5af6a5
FLX-00105081800135,Samsung Galaxy S22 5G 128 GO,C+,414,210,345,2026-06-19,6c24e4ce-e69b-4503-88f2-0a05c7911091,20b159ab-46a6-484c-8339-66a965e6fa35
FLX-00105081800073,Samsung Galaxy S22 5G 128 GO,C+,414,210,345,2026-06-19,6c24e4ce-e69b-4503-88f2-0a05c7911091,d9372a57-aa3f-4092-ac77-cbea0a935eef
FLX-00105081800017,Samsung Galaxy S22 5G 128 GO,C+,414,210,345,2026-06-19,6c24e4ce-e69b-4503-88f2-0a05c7911091,554bae1e-7789-45ef-baf9-39ed9de3a07c
FLX-00105081800327,Samsung Galaxy S22 5G 128 GO,C+,372,210,310,2026-06-17,6c24e4ce-e69b-4503-88f2-0a05c7911091,fd40ea8a-70bb-4e09-bf61-ad7406a12ec4
FLX-00105082200096,Samsung Galaxy S22 Plus 5G 128 GO,B,708,404,590,2026-06-19,8a48f67b-d299-47aa-aeff-bd72c14ef7f4,b237e389-b76d-4246-942d-64a05d723550
FLX-00105082200176,Samsung Galaxy S22 Plus 5G 128 GO,B,708,404,590,2026-06-19,8a48f67b-d299-47aa-aeff-bd72c14ef7f4,e2687130-8834-4138-b6c9-bb3abf94371a
FLX-00105082400042,Samsung Galaxy S22 Plus 5G 128 GO,C+,544,222,453,2026-06-19,8a48f67b-d299-47aa-aeff-bd72c14ef7f4,3c1e48d2-6fc6-46ce-9af4-c74a9f996927
FLX-00105082400039,Samsung Galaxy S22 Plus 5G 128 GO,C+,498,222,415,2026-06-19,8a48f67b-d299-47aa-aeff-bd72c14ef7f4,1c87a7c3-05ac-4f54-886f-2d37831e46a8
FLX-00105082400104,Samsung Galaxy S22 Plus 5G 128 GO,C+,498,222,415,2026-06-19,8a48f67b-d299-47aa-aeff-bd72c14ef7f4,5d222ada-d475-4b56-956e-65f2e46155e4
FLX-00105082200052,Samsung Galaxy S22 Plus 5G 128 GO,C+,456,222,380,2026-06-19,8a48f67b-d299-47aa-aeff-bd72c14ef7f4,43e88e08-0551-4510-8c7b-56f6e8f8a460
FLX-00105083000093,Samsung Galaxy S22 Ultra 5G ,A,761,491,453,2026-06-19,cbddd82a-add7-42f4-b467-cfe363b82d0c,3f3638d4-13ef-4215-a1d2-c82dca50211b
FLX-00105083200122,Samsung Galaxy S22 Ultra 5G ,A,746,491,622,2026-06-19,cbddd82a-add7-42f4-b467-cfe363b82d0c,5fd89a75-0eab-4daa-84f3-17f129ad8687
FLX-00105083000088,Samsung Galaxy S22 Ultra 5G ,A+,916,489,763,2026-06-19,cbddd82a-add7-42f4-b467-cfe363b82d0c,805a0795-8d5e-47ce-a94f-c4080d24baed
FLX-00105083200029,Samsung Galaxy S22 Ultra 5G ,B,870,394,725,2026-06-19,cbddd82a-add7-42f4-b467-cfe363b82d0c,baaf740e-bde2-474a-8295-baa09a8b3106
FLX-00105082600106,Samsung Galaxy S22 Ultra 5G ,B,612,394,510,2026-06-19,cbddd82a-add7-42f4-b467-cfe363b82d0c,0af5924f-86ef-4e46-9cc7-fbcf3e4719fc
FLX-00105083000043,Samsung Galaxy S22 Ultra 5G ,C,576,304,480,2026-06-19,cbddd82a-add7-42f4-b467-cfe363b82d0c,470c22a8-1824-4717-86af-c1d46447f58b
FLX-00105083000059,Samsung Galaxy S22 Ultra 5G ,C,576,304,480,2026-06-19,cbddd82a-add7-42f4-b467-cfe363b82d0c,0f0405cf-8a06-44b0-808a-79ca2e237244
FLX-00105083000077,Samsung Galaxy S22 Ultra 5G ,C,576,304,480,2026-06-19,cbddd82a-add7-42f4-b467-cfe363b82d0c,dbc596c9-77b4-4055-85b0-13cd47467f15
FLX-00105083000246,Samsung Galaxy S22 Ultra 5G ,C,552,304,460,2026-06-19,cbddd82a-add7-42f4-b467-cfe363b82d0c,798320b4-14a7-4284-be50-b42637a7bbcb
FLX-00105082800051,Samsung Galaxy S22 Ultra 5G ,C,534,304,445,2026-06-18,cbddd82a-add7-42f4-b467-cfe363b82d0c,c278eb94-f7a0-459f-b85a-4a576072b69c
FLX-00105082800071,Samsung Galaxy S22 Ultra 5G ,C,534,304,445,2026-06-19,cbddd82a-add7-42f4-b467-cfe363b82d0c,7da7ac57-794c-47fd-bd04-35051f57d05c
FLX-00105082800028,Samsung Galaxy S22 Ultra 5G ,C,534,304,445,2026-06-19,cbddd82a-add7-42f4-b467-cfe363b82d0c,502afef1-67c2-4f8f-97fb-f0f9f7a04087
FLX-00105082600042,Samsung Galaxy S22 Ultra 5G ,C,504,304,420,2026-06-17,cbddd82a-add7-42f4-b467-cfe363b82d0c,fa779a1a-3e41-4c8b-8b42-5d4dcedb8eff
FLX-00105082600096,Samsung Galaxy S22 Ultra 5G ,C,504,304,420,2026-06-17,cbddd82a-add7-42f4-b467-cfe363b82d0c,e942517e-3d00-4f18-8b62-195531c35b50
FLX-00105082800053,Samsung Galaxy S22 Ultra 5G ,C+,588,392,490,2026-06-19,cbddd82a-add7-42f4-b467-cfe363b82d0c,59ea126f-b3f3-4f46-97d7-c3d8acd58f85
FLX-00105961000099,Samsung Galaxy S23 Ultra 5G 512 GO,A,1104,536,920,2026-06-19,77623fd3-9a46-45fd-b4d0-7e23b7abcfea,3ce7ba3a-a8fe-4ce3-9fc9-910ab50c5802
FLX-00105961000158,Samsung Galaxy S23 Ultra 5G 512 GO,A+,1224,566,1020,2026-06-19,77623fd3-9a46-45fd-b4d0-7e23b7abcfea,2299cf07-cb0b-4616-b217-b5f1825ce450
FLX-00105961000016,Samsung Galaxy S23 Ultra 5G 512 GO,A+,1122,566,935,2026-06-17,77623fd3-9a46-45fd-b4d0-7e23b7abcfea,eeefc507-9ee9-49eb-a30d-740df87921d2
FLX-00105960900108,Samsung Galaxy S23 Ultra 5G 512 GO,A+,972,566,810,2026-06-19,77623fd3-9a46-45fd-b4d0-7e23b7abcfea,12b109fc-df0f-4736-8533-e5823eb842eb
FLX-00105961000091,Samsung Galaxy S23 Ultra 5G 512 GO,B,1074,498,895,2026-06-18,77623fd3-9a46-45fd-b4d0-7e23b7abcfea,cddff2b7-2ee3-4629-a4f5-b088a45db536
FLX-00105961000067,Samsung Galaxy S23 Ultra 5G 512 GO,B,1074,498,895,2026-06-17,77623fd3-9a46-45fd-b4d0-7e23b7abcfea,a6c1ebbc-ee30-4eba-8e41-abfe4e7bdb2c
FLX-00105960900106,Samsung Galaxy S23 Ultra 5G 512 GO,B,936,498,780,2026-06-19,77623fd3-9a46-45fd-b4d0-7e23b7abcfea,3aec636a-3764-47dd-a390-ba26950098ba
FLX-00105961000149,Samsung Galaxy S23 Ultra 5G 512 GO,C,1026,378,855,2026-06-19,77623fd3-9a46-45fd-b4d0-7e23b7abcfea,2611936b-87e3-4569-8d2b-9f28b4a06dbb
FLX-00106453700016,Samsung Galaxy S24 5G 128 GO,A+,631,408,526,2026-06-17,f9c880c5-badf-4365-83a3-f465f2c14f7c,9ab23f4c-b288-4e70-aeff-b0f98e4fc918
FLX-00105356200017,Xiaomi Xiaomi 12 Pro 5G 256 GO,A,530,252,442,2026-06-18,8df021c8-2a86-47fd-91af-c766c0f84390,acc65d61-cee2-4d5e-8498-a606f367dbba
FLX-00105356300014,Xiaomi Xiaomi 12 Pro 5G 256 GO,B,544,259,453,2026-06-18,8df021c8-2a86-47fd-91af-c766c0f84390,e289cf62-6271-441f-9107-194cf7f61a56
FLX-00105356300013,Xiaomi Xiaomi 12 Pro 5G 256 GO,B,498,259,415,2026-06-18,8df021c8-2a86-47fd-91af-c766c0f84390,917ef7a8-12f3-4438-8943-410bcc373848
